{
  "project_info": {
    "project_number": "125348868075",
    "firebase_url": "https://space-ship-5a41f.firebaseio.com",
    "project_id": "space-ship-5a41f",
    "storage_bucket": "space-ship-5a41f.appspot.com"
  },
  "client": [
    {
      "client_info": {
        "mobilesdk_app_id": "1:125348868075:android:06b341404506c7e9",
        "android_client_info": {
          "package_name": "com.example.examen.spaceinvaders"
        }
      },
      "oauth_client": [
        {
          "client_id": "125348868075-rr5455v11g48ec8o34f506n2q87a871f.apps.googleusercontent.com",
          "client_type": 3
        }
      ],
      "api_key": [
        {
          "current_key": "AIzaSyDRJyphYOZE4PWSJFSxwlULLSJA3YjyEgg"
        }
      ],
      "services": {
        "analytics_service": {
          "status": 1
        },
        "appinvite_service": {
          "status": 1,
          "other_platform_oauth_client": []
        },
        "ads_service": {
          "status": 2
        }
      }
    }
  ],
  "configuration_version": "1"
}