{
  "project_info": {
    "project_number": "794579193251",
    "firebase_url": "https://bdspaceship.firebaseio.com",
    "project_id": "bdspaceship",
    "storage_bucket": "bdspaceship.appspot.com"
  },
  "client": [
    {
      "client_info": {
        "mobilesdk_app_id": "1:794579193251:android:06b341404506c7e9",
        "android_client_info": {
          "package_name": "com.example.examen.spaceinvaders"
        }
      },
      "oauth_client": [
        {
          "client_id": "794579193251-oer0phg7s6gt20cbah6136h47bupo4ej.apps.googleusercontent.com",
          "client_type": 3
        }
      ],
      "api_key": [
        {
          "current_key": "AIzaSyClBWfr1ZPBONQFQtI-MMuLZFaN5YQ09lI"
        }
      ],
      "services": {
        "analytics_service": {
          "status": 1
        },
        "appinvite_service": {
          "status": 1,
          "other_platform_oauth_client": []
        },
        "ads_service": {
          "status": 2
        }
      }
    }
  ],
  "configuration_version": "1"
}